topic_words3,Eesti Vabaerakonna fraktsioon,Keskerakond,difference
koolis kooli opilased,0.025,0.0725190839694656,-190.0763358778624
tulumaksuvaba maksususteemi tulumaksu,0.03125,0.0687022900763358,-119.84732824427455
valispoliitika valispoliitikas diplomaatia,0.00625,0.0229007633587786,-266.4122137404577
opositsioonis koalitsiooni opositsiooni,0.0125,0.0267175572519083,-113.74045801526637
tulubaasi omavalitsustele omavalitsuste,0.00625,0.0114503816793893,-83.20610687022881
opositsiooni koalitsioonil opositsioonil,0.00625,0.0114503816793893,-83.20610687022881
kodakondsust kodakondsuse kodanikuks,0.00625,0.0114503816793893,-83.20610687022881
huvigruppe huvigruppide kaasatud,0.01875,0.0229007633587786,-22.13740458015255
kinnisasja maad maa,0.00625,0.0076335877862595,-22.137404580151994
viirust vaktsineeritud viiruse,0.00625,0.0076335877862595,-22.137404580151994
elamisluba elamisloa viisa,0.00625,0.0076335877862595,-22.137404580151994
lipu laevu kaubalaeva,0.00625,0.0076335877862595,-22.137404580151994
vaesuses suhtelises vaesuse,0.00625,0.0076335877862595,-22.137404580151994
valimisliitude volikogusse volikokku,0.0125,0.0114503816793893,8.3969465648856
pohiseadusega riigikohus oiguskantsler,0.0125,0.0114503816793893,8.3969465648856
uliopilased uliopilastele uliopilaste,0.025,0.0229007633587786,8.3969465648856
virumaale virumaa toostusalade,0.01875,0.015267175572519,18.575063613231997
toonadalal istungid taiendaval,0.01875,0.015267175572519,18.575063613231997
arengukavad arengukavade pohialuste,0.04375,0.0381679389312977,12.758996728462401
kohtunike kohtususteem kohtuniku,0.00625,0.0038167938931297,38.9312977099248
keeleoskust oskuse keeleoskuse,0.00625,0.0038167938931297,38.9312977099248
ajakirjandus ajakirjanduse ajakirjandust,0.00625,0.0038167938931297,38.9312977099248
direktiivi direktiiv ulevotmise,0.00625,0.0038167938931297,38.9312977099248
vanemahuvitist vanemahuvitise vanemahuvitis,0.00625,0.0038167938931297,38.9312977099248
maksuamet tolliamet tolliameti,0.00625,0.0038167938931297,38.9312977099248
psuhhiaatri alaealine psuhhiaatrilist,0.00625,0.0038167938931297,38.9312977099248
reklaami reklaam alkoholireklaam,0.00625,0.0038167938931297,38.9312977099248
oigusriik oigusriigi oigusriigist,0.0125,0.0076335877862595,38.931297709924
ulikooliga kbfi instituudi,0.0125,0.0038167938931297,69.4656488549624
maavalitsuste maavalitsused maakonna,0.0125,0.0038167938931297,69.4656488549624
karistuse karistus tingimisi,0.0125,0.0038167938931297,69.4656488549624
terviseandmed isikuandmeid terviseandmeid,0.01875,0.0076335877862595,59.287531806616
missiooni missioonile missioon,0.01875,0.0076335877862595,59.287531806616
salvestisi salvestised salvestiste,0.01875,0.0076335877862595,59.287531806616
joustumine joustuma joustada,0.01875,0.0076335877862595,59.287531806616
metsa metsade mets,0.01875,0.0038167938931297,79.64376590330826
pollumeestele pollumehi pollumehed,0.01875,0.0038167938931297,79.64376590330826
riigikontrolli auditi auditit,0.025,0.0038167938931297,84.7328244274812
moisteid moiste moisted,0.03125,0.0038167938931297,87.78625954198496
vallaga vald sauga,0.03125,0.0038167938931297,87.78625954198496
krimmi agressiooni ukraina,0.0375,0.0076335877862595,79.64376590330801
teadus teaduse arendustegevuse,0.04375,0.0038167938931297,91.27589967284639
riigireformi riigireformist riigireform,0.06875,0.015267175572519,77.79319916724509
skais arendused infosusteemide,0.025,0.0,100.0
rail trassi balticu,0.025,0.0,100.0
keskkonnaameti uhendamine uhendamise,0.01875,0.0,100.0
kirik kiriku maarja,0.01875,0.0,100.0
kohtla jarve johvi,0.01875,0.0,100.0
kaasne lisakulutusi riigieelarvele,0.0125,0.0,100.0
jahimehed jahimeeste jahti,0.0125,0.0,100.0
etv saateid pbk,0.0125,0.0,100.0
annetus erjk annetuse,0.0125,0.0,100.0
korruptsiooni korruptsioon korruptsiooniga,0.0125,0.0,100.0
tantsupeo laulu traditsiooni,0.0125,0.0,100.0
rahapesu terrorismi andmeburoo,0.0125,0.0,100.0
uuring uuringut uuringu,0.00625,0.0,100.0
otsevalimise presidenti presidendi,0.00625,0.0,100.0
puude raskusastme puuet,0.00625,0.0,100.0
riigiabi komisjonilt loa,0.00625,0.0,100.0
muuseum muuseumi muuseumide,0.00625,0.0,100.0
aasia aasias saatkonna,0.00625,0.0,100.0
teenistuse teenistuses avalikus,0.00625,0.0,100.0
volakirjade keskpank volakirju,0.00625,0.0,100.0
leping ratifitseerida lepinguga,0.00625,0.0,100.0
korteriuhistu korteriomanike korteriuhistute,0.00625,0.0,100.0
ugri rahvaste polisrahvaste,0.00625,0.0,100.0
eelarves riigieelarves reservist,0.00625,0.0,100.0
ametiuhingute tooandjate keskliit,0.00625,0.0,100.0
inimarengu aruanne aruandes,0.0,0.0,
teatri teater rahvusooper,0.0,0.0,
uhistranspordi uhistransport uhistransporti,0.0,0.0,
toovoimereformi toovoimega toovoimereform,0.0,0.0,
tootuid tootute tootu,0.0,0.0,
tooandja tooandjal tootaja,0.0,0.0,
tooandja tervisesse maksuvabalt,0.0,0.0,
tervist tervis tervisega,0.0,0.0,
teenuseid teenused teenust,0.0,0.0,
tarbijakaitse amet ametile,0.0,0.0,
jaatmeid liigiti prugi,0.0,0.0,
talupidajate kaubanduskoja kaubanduskoda,0.0,0.0,
sularaha kommertspangad pangad,0.0,0.0,
korterelamute kortermajade kredexi,0.0,0.0,
sigade katku katk,0.0,0.0,
salastatud valisteabe riigisaladuse,0.0,0.0,
rongi rongide rongid,0.0,0.0,
riigipalgaliste riigisektoris koondada,0.0,0.0,
utah jordaania energia,0.0,0.0,
vabatahtlike komandode paasteameti,0.0,0.0,
relva relvade relvaluba,0.0,0.0,
vagivallale vihakone ohutamine,0.0,0.0,
jalitustegevuse jalitustoimingu sideandmete,0.0,0.0,
jarviku jarvik maaeluministri,0.0,0.0,
kaitseliit kaitseliidule kaitseliidu,0.0,0.0,
kala kalurid kalurite,0.0,0.0,
kandidaati kandidaat valituks,0.0,0.0,
kandideerima ametikohale kandidaatide,0.0,0.0,
kantsler kantsleri riigisekretar,0.0,0.0,
kodualuse maamaksu maamaksust,0.0,0.0,
kohtutaiturite kohtutaitur kohtutaituri,0.0,0.0,
kolledz kolledzi turi,0.0,0.0,
koneleja konsensuslikud repliigi,0.0,0.0,
kontrollin haaled kandidaadi,0.0,0.0,
korrata stenogrammist vabandan,0.0,0.0,
valdkonnad laekumisest fikseeritakse,0.0,0.0,
vaikesaarte saarte pusiasustusega,0.0,0.0,
vagivalla naistevastase perevagivalla,0.0,0.0,
rahvuse rahvust rahvusriik,0.0,0.0,
rahvaalgatuse rahvaalgatus rahvahaaletus,0.0,0.0,
liiklussurmade liikluses hukkunute,0.0,0.0,
mes maale maaelu,0.0,0.0,
majandusaasta koondaruanne raamatupidamise,0.0,0.0,
magustatud suhkrut joogi,0.0,0.0,
maantee neljarealiseks ppp,0.0,0.0,
louis freeh kremli,0.0,0.0,
lisaeelarve lisaeelarves lisaeelarvega,0.0,0.0,
lipud lippude lipp,0.0,0.0,
lapsetoetust lapsetoetus lapsetoetuse,0.0,0.0,
raamatukogu pimedate raamatukogude,0.0,0.0,
lahususe voimude lahusus,0.0,0.0,
lae korgepalgaliste lagi,0.0,0.0,
idapiiri piiririba valjaehitamine,0.0,0.0,
laari laar kandidatuuri,0.0,0.0,
kutsehariduse kutseharidus kutsehariduses,0.0,0.0,
kusija vastaja vastasin,0.0,0.0,
korterid kortereid korterit,0.0,0.0,
muundatud geneetiliselt gmo,0.0,0.0,
nord stream streami,0.0,0.0,
normitehnika mojude eeskiri,0.0,0.0,
noukogudesse ariuhingute noukogudes,0.0,0.0,
president ilves presidendi,0.0,0.0,
post posti omniva,0.0,0.0,
poolte kokkuleppel huvitise,0.0,0.0,
planeeringu keskkonnamoju keskkonnamojude,0.0,0.0,
piirivalve valvamise valvamine,0.0,0.0,
piima toorpiima toodangut,0.0,0.0,
pensioniiga pensioniea eluiga,0.0,0.0,
pensionifondide pensionifondid fondid,0.0,0.0,
pealinnast tallinnast viljandisse,0.0,0.0,
pagulasi pagulased pagulaste,0.0,0.0,
oppelaenu sugava puudega,0.0,0.0,
operatsioonil sojalisel panustamisel,0.0,0.0,
ootuse oigusparase oiguskindluse,0.0,0.0,
ooteala piiriuletuse piiripunkti,0.0,0.0,
oiglase virumaale ulemineku,0.0,0.0,
inflatsiooni inflatsioon hinnatous,0.0,0.0,
volitust kaasuses jarvik,0.0,0.0038167938931297,-inf
hiv narkomaania epideemia,0.0,0.0,
pensioni pension sammas,0.0,0.0114503816793893,-inf
soita jalakaija konniteel,0.0,0.0076335877862595,-inf
taanis saksamaal hollandis,0.0,0.0114503816793893,-inf
prokuratuur prokuratuuri prokuror,0.0,0.0076335877862595,-inf
katteallikas katteallikaid katteallikat,0.0,0.0038167938931297,-inf
tapsustatakse ajakohastatakse nouete,0.0,0.0190839694656488,-inf
piirikontrolli schengeni valispiiri,0.0,0.0038167938931297,-inf
pensionitous pensionitousu pension,0.0,0.0572519083969465,-inf
palgatousu opetajate palgatous,0.0,0.0038167938931297,-inf
haale valimispaeval valimiste,0.0,0.0038167938931297,-inf
palgalohe soolist meeste,0.0,0.0076335877862595,-inf
teede teehoiuks teedele,0.0,0.0038167938931297,-inf
piirilepingu piirileping piirilepingut,0.0,0.0038167938931297,-inf
kasvavad tuleval kasv,0.0,0.015267175572519,-inf
kohanimenoukogu vonnu mulgi,0.0,0.0038167938931297,-inf
fie fuusilisest isikust,0.0,0.0038167938931297,-inf
hoiu pangad pankade,0.0,0.0038167938931297,-inf
rahvahaaletuse rahvahaaletus rahvahaaletusel,0.0,0.0114503816793893,-inf
slovakkia ungari portugal,0.0,0.0114503816793893,-inf
samba sammas sambasse,0.0,0.0190839694656488,-inf
oigusloome oigusloomes oiguspoliitika,0.0,0.0038167938931297,-inf
valijate erakonda valijaid,0.0,0.0038167938931297,-inf
kinnitamise paevakorra paevakord,0.0,0.0038167938931297,-inf
untso missioonide liikmesusest,0.0,0.0076335877862595,-inf
konkurss konkursi konkurssi,0.0,0.0076335877862595,-inf
ulejaagis struktuurses struktuurse,0.0,0.0114503816793893,-inf
kusimusena tahtsa tahtsusega,0.0,0.0038167938931297,-inf
lasteaia lasteaias lasteaiakoha,0.0,0.0114503816793893,-inf
tulubaasi tasandusfondi tulumaksuosa,0.0,0.0114503816793893,-inf
liitlaste ohutorje keskmaa,0.0,0.0038167938931297,-inf
lng terminali gaasi,0.0,0.0038167938931297,-inf
loomi loomade loomad,0.0,0.0076335877862595,-inf
ts parvlaeva parvlaevad,0.0,0.0038167938931297,-inf
miili baasvorgu lairiba,0.0,0.0038167938931297,-inf
treenerite spordi sport,0.0,0.0114503816793893,-inf
objekti anu raua,0.0,0.0038167938931297,-inf
hadaolukorda eriolukord eriolukorra,0.0,0.0038167938931297,-inf
kandidaadi kandidaati kandidaat,0.0,0.0076335877862595,-inf
hansson ardo panga,0.0,0.0,
danske filiaali rahapesu,0.0,0.0,
iive sundimus iibe,0.0,0.0038167938931297,-inf
kauguhendus avaksite ettekandjalt,0.0,0.0114503816793893,-inf
abielu kooselu samasooliste,0.0,0.0,
abipolitseinik abipolitseiniku abipolitseinike,0.0,0.0,
aituma infotundi jahimehed,0.0,0.0,
annetused annetusi annetuste,0.0,0.0,
arengufond arengufondi arengufondis,0.0,0.0,
deklaratsiooni deklaratsioone deklaratsioonis,0.0,0.0,
eriarstide eriarstiabi eriarsti,0.0,0.0038167938931297,-inf
domeenide domeeni interneti,0.0,0.0,
erimargistatud kutust kutuse,0.0,0.0,
eripensioni valjateenitud staazi,0.0,0.0,
erso teatri kontserdi,0.0,0.0,
estonian air airi,0.0,0.0,
haaletamissedel haaletamiskasti sedeli,0.0,0.0,
hanke hankija riigihangete,0.0,0.0,
valitsemisalade katteallikaks riigieelarves,0.0,0.0038167938931297,-inf
id mobiil kaardi,0.0,0.0038167938931297,-inf
kaibemaksu kaibemaks kaibemaksumaara,0.0,0.0038167938931297,-inf
kaitsekulud kaitsekulutused kaitsekulude,0.0,0.0038167938931297,-inf
ene ergma aplaus,0.0,0.0038167938931297,-inf
elektri elektrit taastuvenergia,0.0,0.0038167938931297,-inf
elatisraha elatisabi elatise,0.0,0.0038167938931297,-inf
efsf esm kreekale,0.0,0.0038167938931297,-inf
veb fondi uurimiskomisjon,0.0,0.0076335877862595,-inf
eelarvele kulude riigieelarvele,0.0,0.0038167938931297,-inf
borsile ipo enefit,0.0,0.0114503816793893,-inf
apteeke apteegid apteekide,0.0,0.0114503816793893,-inf
ammendumiseni kaheni pikendada,0.0,0.0038167938931297,-inf
alkoholi kange lahja,0.0,0.0267175572519083,-inf
hooldekodus hoolduse hooldekodu,0.0,0.0076335877862595,-inf
hoone rkas hoonet,0.0,0.0076335877862595,-inf
riigiloivude riigiloivud riigiloivu,0.0,0.0038167938931297,-inf
valismaale valjarande valjaranne,0.0,0.0038167938931297,-inf
huvihariduse huvitegevuse huviharidus,0.0,0.0038167938931297,-inf
valimisea valimisiga valimisoiguse,0.0,0.0,
